<?xml version="1.0" encoding="UTF-8"?>
<project-private xmlns="http://www.netbeans.org/ns/project-private/1">
    <editor-bookmarks xmlns="http://www.netbeans.org/ns/editor-bookmarks/2" lastBookmarkId="0"/>
    <open-files xmlns="http://www.netbeans.org/ns/projectui-open-files/2">
        <group>
            <file>file:/C:/xampp/htdocs/Project/favorites.php</file>
            <file>file:/C:/xampp/htdocs/Project/board_form.php</file>
            <file>file:/C:/xampp/htdocs/Project/f_board_list.php</file>
            <file>file:/C:/xampp/htdocs/Project/css/admin.css</file>
            <file>file:/C:/xampp/htdocs/Project/f_board_modify.php</file>
            <file>file:/C:/xampp/htdocs/Project/login.php</file>
            <file>file:/C:/xampp/htdocs/Project/f_board_modify_form.php</file>
            <file>file:/C:/xampp/htdocs/Project/footer.php</file>
            <file>file:/C:/xampp/htdocs/Project/board_download.php</file>
            <file>file:/C:/xampp/htdocs/Project/header.php</file>
            <file>file:/C:/xampp/htdocs/Project/message_insert.php</file>
            <file>file:/C:/xampp/htdocs/Project/login_form.php</file>
            <file>file:/C:/xampp/htdocs/Project/board_modify.php</file>
            <file>file:/C:/xampp/htdocs/Project/member_modify_form.php</file>
            <file>file:/C:/xampp/htdocs/Project/message_delete.php</file>
            <file>file:/C:/xampp/htdocs/Project/m_board_modify.php</file>
            <file>file:/C:/xampp/htdocs/Project/admin_board_delete.php</file>
            <file>file:/C:/xampp/htdocs/Project/message_box.php</file>
            <file>file:/C:/xampp/htdocs/Project/message_form.php</file>
            <file>file:/C:/xampp/htdocs/Project/board_modify_form.php</file>
            <file>file:/C:/xampp/htdocs/Project/board_list.php</file>
            <file>file:/C:/xampp/htdocs/Project/m_board_modify_form.php</file>
            <file>file:/C:/xampp/htdocs/Project/admin.php</file>
            <file>file:/C:/xampp/htdocs/Project/member_check_id.php</file>
            <file>file:/C:/xampp/htdocs/Project/index.php</file>
            <file>file:/C:/xampp/htdocs/Project/board_view.php</file>
            <file>file:/C:/xampp/htdocs/Project/member_form.php</file>
            <file>file:/C:/xampp/htdocs/Project/main.php</file>
            <file>file:/C:/xampp/htdocs/Project/logout.php</file>
            <file>file:/C:/xampp/htdocs/Project/m_board_view.php</file>
            <file>file:/C:/xampp/htdocs/Project/board_delete.php</file>
        </group>
    </open-files>
</project-private>
